_id,index,guid,isActive,balance,picture,age,eyeColor,name,gender,company,email,phone,address,about,registered,latitude,longitude,tags/0,tags/1,tags/2,tags/3,tags/4,tags/5,tags/6,friends/0/id,friends/0/name,friends/1/id,friends/1/name,friends/2/id,friends/2/name,greeting,favoriteFruit
634b62607df62d00fd340ba8,0,d74fb385-435e-4e60-9c9e-642c68c2def7,True,2336.05,http://placehold.it/32x32,37,blue,Juanita Lane,female,KNEEDLES,juanitalane@kneedles.com,+1 (830) 580-2978,"165 Seba Avenue, Rose, Indiana, 5071","Irure in ea deserunt officia eiusmod elit in magna id ut irure commodo in. Ut eiusmod cupidatat consectetur sunt eu. Tempor veniam velit incididunt non exercitation laboris irure. In non nisi sit tempor.

",2019-05-25T03:00:57,17.252481,-63.285056,nisi,incididunt,non,ipsum,esse,quis,nostrud,False,Nelson Frederick,True,Mueller Conley,2,Henson Glass,"Hello, Juanita Lane! You have 9 unread messages.",strawberry
634b626014ad2e7db3a6a54b,1,dbafc684-246e-4f3f-b6e8-205f8974dbcb,False,3022.06,http://placehold.it/32x32,22,blue,Langley Gates,male,ELEMANTRA,langleygates@elemantra.com,+1 (965) 554-2726,"991 Vista Place, Ripley, Kentucky, 4433","Aliquip culpa quis reprehenderit sunt consectetur laborum in exercitation tempor fugiat proident ad. Magna anim do cillum enim ullamco qui. Incididunt ullamco ad ut non incididunt quis. Aliqua dolor labore consequat in minim. Proident non pariatur dolor adipisicing. Qui enim aliquip officia deserunt do. Exercitation aute duis laborum nulla nulla.

",2019-02-10T03:19:06,-40.409552,66.962292,deserunt,occaecat,ea,quis,fugiat,enim,nulla,False,Joyner Benson,True,Kellie Mendez,2,Jacobson Hopkins,"Hello, Langley Gates! You have 6 unread messages.",strawberry
634b62602aff07df6de52a48,2,7b9205de-070d-429f-acd1-e8e415ad3b40,False,3049.65,http://placehold.it/32x32,23,green,Burgess Davenport,male,XPLOR,burgessdavenport@xplor.com,+1 (963) 412-3211,"726 Bedell Lane, Titanic, Nebraska, 5179","Consectetur minim voluptate cupidatat mollit irure sit dolore ad officia. Magna dolor reprehenderit excepteur officia mollit culpa incididunt. Sit enim duis quis magna deserunt esse exercitation ut.

",2020-02-19T10:10:11,86.685085,-179.668511,ea,ad,officia,pariatur,ad,consectetur,sunt,False,Bianca Oneill,True,Keller Horne,2,Helga Guzman,"Hello, Burgess Davenport! You have 2 unread messages.",apple
634b6260d8dc0850f18ca414,3,308fdc07-bee7-4a0e-a9b0-e1b7204585f5,True,3780.96,http://placehold.it/32x32,35,brown,Woods Morris,male,QUILK,woodsmorris@quilk.com,+1 (893) 452-2893,"842 Ridge Court, Healy, South Dakota, 6541","Fugiat occaecat fugiat quis nostrud et Lorem mollit eiusmod elit non ea dolor. In esse pariatur nulla quis magna minim incididunt Lorem labore. Fugiat cupidatat labore dolor magna minim pariatur ullamco nulla. Ea officia pariatur ullamco non officia amet commodo.

",2022-03-08T03:46:45,-19.830824,22.961945,elit,duis,aliquip,proident,quis,fugiat,cupidatat,False,Murphy Mccall,True,Horton Sellers,2,Janelle Hahn,"Hello, Woods Morris! You have 3 unread messages.",apple
634b6260dc977c6e35e64ae0,4,99b57149-cda3-44a1-b572-29708f122188,False,3712.21,http://placehold.it/32x32,36,blue,Gabriela Merritt,female,AUSTECH,gabrielamerritt@austech.com,+1 (978) 472-2991,"714 Dank Court, Tryon, Guam, 4493","Velit consequat sit commodo id elit sint cillum. Exercitation sint non adipisicing non Lorem fugiat incididunt reprehenderit id. Cillum sunt ullamco id exercitation officia incididunt eiusmod ad et do irure. In anim occaecat deserunt voluptate incididunt officia nulla irure sint nisi dolor. Sint nisi ex culpa ullamco. Elit deserunt in nulla proident in sint proident officia aute labore reprehenderit cupidatat ut. Amet amet magna sit magna ipsum esse qui sunt consectetur mollit.

",2022-08-08T04:29:15,-42.593092,144.096782,ullamco,esse,sint,quis,nisi,duis,est,False,Naomi Richards,True,Pansy Robinson,2,Jewel Mcmahon,"Hello, Gabriela Merritt! You have 6 unread messages.",banana
